# t [sec],r_ecef_X,r_ecef_Y,r_ecef_Z,v_ecef_X,v_ecef_Y,v_ecef_Z,q_e2b_scalar,q_e2b_i,q_e2b_j,q_e2b_k,accel_X [m/s^2],accel_Y [m/s^2],accel_Z [m/s^2],gyro_X [rad/s],gyro_Y [rad/s],gyro_Z [rad/s],gps_lat [deg],gps_long [deg],gps_alt [m]
0.0,1526841.5678953473,-4463004.740116092,4278796.415584201,0.0,0.0,0.0,0.8982374487209503,-0.4077410869410356,-0.06269258750833939,-0.15170734296811775,0.0,0.0,0.0,0.0,0.0,0.0,0.0,0.0,0.0
0.017756590008502826,1526841.5678953473,-4463004.740116092,4278796.415584201,-0.00022905067057024664,-0.00016788862311656327,-0.0001229202835055926,0.8982387379723914,-0.40773485806852505,-0.06269456142779585,-0.15171563463433002,0.05,0.18,9.8,-0.001090830782496456,0.001090830782496456,0.001090830782496456,nan,nan,nan
